-- Carga da tabela de Usuario:

INSERT INTO public."Usuario"
("Id", "Nome", "Login", "Password", "Funcao")
VALUES('df9bd661-8338-466b-97a9-92aec649d883'::uuid, 'Guilherme Heizer Nogueira', 'gama', '17A4BD3127E15A0FA8560E643AB54F88', 'Administrador');
INSERT INTO public."Usuario"
("Id", "Nome", "Login", "Password", "Funcao")
VALUES('3edc8a7c-8442-4db5-9ee9-ebf9b76243a7'::uuid, 'Junior Alves', 'junioralves', 'CF5383C9D0EBD0C0D1967C98A24A579E', 'Empregado');
INSERT INTO public."Usuario"
("Id", "Nome", "Login", "Password", "Funcao")
VALUES('899ba3a2-632e-43f3-ad37-89f55dfaf667'::uuid, 'Ana Flavia de Cidade', 'anaflavia', '06F8E0FA44FB1492FA6072515360347C', 'Empregado');
INSERT INTO public."Usuario"
("Id", "Nome", "Login", "Password", "Funcao")
VALUES('78fa34ea-a054-41a4-b315-f7456a14340d'::uuid, 'Claudio Carias', 'claudiocarias', '86B9874ACE8958258645D77F1E489036', 'Empregado');
INSERT INTO public."Usuario"
("Id", "Nome", "Login", "Password", "Funcao")
VALUES('827b55a6-bda0-4388-a7f2-194d1e36d084'::uuid, 'Henrique Badaro', 'hemriquebadaro', 'B9C5AEFCBB27CEDB59B7DC500CE307ED', 'Empregado');
INSERT INTO public."Usuario"
("Id", "Nome", "Login", "Password", "Funcao")
VALUES('81f1f219-4046-4b8d-bd9a-a99637b1eceb'::uuid, 'Felipe Costa', 'felipecosta', 'D52AEE0165C29106B18E0404657B215A', 'Empregado');
INSERT INTO public."Usuario"
("Id", "Nome", "Login", "Password", "Funcao")
VALUES('45ecac89-82d0-4a27-991b-7e62d7766f97'::uuid, 'Diana Maer', 'dianamaer', '33AAF6BE7E173CFEA811E908B8384E60', 'Empregado');
INSERT INTO public."Usuario"
("Id", "Nome", "Login", "Password", "Funcao")
VALUES('0785070a-5d3c-49ff-9bf4-86d5cad7b390'::uuid, 'Antonio Heizer', 'antonioheizer', '232B0E0CDD60752326DC78D7A4404C72', 'Empregado');
INSERT INTO public."Usuario"
("Id", "Nome", "Login", "Password", "Funcao")
VALUES('09ca4948-9a37-44a9-8db7-bd177f80b6b7'::uuid, 'Daniel Gama', 'danielgama', 'C9B0705E372FC2B1A647DAAD3457F0D2', 'Empregado');
INSERT INTO public."Usuario"
("Id", "Nome", "Login", "Password", "Funcao")
VALUES('11a17c93-4152-4fa3-8a19-90987d5365e1'::uuid, 'Gabriela Host', 'gabrielahost', 'ACB0E6E5FE0E252C99D9E06E6820F899', 'Empregado');
INSERT INTO public."Usuario"
("Id", "Nome", "Login", "Password", "Funcao")
VALUES('145422b4-6f2d-4368-990c-c731b3d2fb4b'::uuid, 'Antonia Gular', 'antoniagular', '1C133F54A7E7CF9A4C7DB403488D9D03', 'Empregado');
INSERT INTO public."Usuario"
("Id", "Nome", "Login", "Password", "Funcao")
VALUES('156870c7-58dc-43f0-95d7-6ad900bad890'::uuid, 'Danilo Gama', 'danilogama', '8B6EAB170398DE03BA29DA4A79CC943B', 'Empregado');
INSERT INTO public."Usuario"
("Id", "Nome", "Login", "Password", "Funcao")
VALUES('1681d0c4-b637-409a-80cb-f03b7c25a6a7'::uuid, 'Luan Gat', 'luangat', '63EE8986B8C84B2957449A33E8965DE2', 'Empregado');
INSERT INTO public."Usuario"
("Id", "Nome", "Login", "Password", "Funcao")
VALUES('196d1820-2726-4bbe-ac60-1a9cf228eb80'::uuid, 'Tomas Aquino', 'tomaaquino', 'E9AEA5B98E9B93092AB2F5516DAF822D', 'Empregado');
INSERT INTO public."Usuario"
("Id", "Nome", "Login", "Password", "Funcao")
VALUES('1a2f10fd-d6da-48ee-bc92-334415c47e16'::uuid, 'Paloma Reis', 'palonareis', 'FD9CD57A726EE70FBBCC90F58C5CAC89', 'Empregado');
INSERT INTO public."Usuario"
("Id", "Nome", "Login", "Password", "Funcao")
VALUES('1bf513a8-036d-42aa-8a01-5be176211032'::uuid, 'Isac Gama', 'isacgama', 'EF7E78AF18AE33D8F9B1B1C9853BC529', 'Empregado');
INSERT INTO public."Usuario"
("Id", "Nome", "Login", "Password", "Funcao")
VALUES('1fb3a8b6-2338-490b-8f59-05755dd5ec3c'::uuid, 'Hector Heitor', 'hectorheitor', '6B9EA36055C5778B2387FA7667EE336B', 'Empregado');
INSERT INTO public."Usuario"
("Id", "Nome", "Login", "Password", "Funcao")
VALUES('2043d292-77d7-4518-962c-18dd3d8d28c9'::uuid, 'Bella Dela', 'belladela', 'EAD94C9A8CF93841A0CBB206A9B8AB71', 'Empregado');
INSERT INTO public."Usuario"
("Id", "Nome", "Login", "Password", "Funcao")
VALUES('28c3c36d-3f42-485b-b324-1b829da6d6db'::uuid, 'Wesley Cabral', 'wesleycabral', '8B3FD8FEEC0BB37F4D2595A9DD26F6B2', 'Empregado');
INSERT INTO public."Usuario"
("Id", "Nome", "Login", "Password", "Funcao")
VALUES('28c5b328-7d3a-49f4-bd0e-4580480d80d3'::uuid, 'Lucca Dalta', 'luccadalta', '808CD6D0708BF7E15FA95280F34CF3B8', 'Empregado');
INSERT INTO public."Usuario"
("Id", "Nome", "Login", "Password", "Funcao")
VALUES('2f6d9571-c275-4faa-91c4-bbae9f3d28d3'::uuid, 'Paulo Jose', 'paulojose', 'F59BF1E2899E945CA553BBA776464023', 'Empregado');
INSERT INTO public."Usuario"
("Id", "Nome", "Login", "Password", "Funcao")
VALUES('2fb1d962-6a96-4e40-8dd5-f960109b6029'::uuid, 'Marcio Augusto', 'marcioaugusto', '4C08019765E5E527502A4FD82424CDEA', 'Empregado');
INSERT INTO public."Usuario"
("Id", "Nome", "Login", "Password", "Funcao")
VALUES('31271d3b-d6dd-40e7-956d-1d27a4b84599'::uuid, 'Patrick Hel', 'patrickhel', '8DEBD5F7E5DC17B51784A96035E08F54', 'Empregado');
INSERT INTO public."Usuario"
("Id", "Nome", "Login", "Password", "Funcao")
VALUES('3175002b-7043-4c82-94af-5f9d051ec1e4'::uuid, 'Tais Joma', 'taisjoma', 'F67B5C49C3A02BA28292176712E047DD', 'Empregado');
INSERT INTO public."Usuario"
("Id", "Nome", "Login", "Password", "Funcao")
VALUES('31837ea0-0873-4e36-8693-55f95fba5061'::uuid, 'Ana Luz', 'analuz', '2003C91F97CD25C1A3EB44CCC74E5609', 'Empregado');
INSERT INTO public."Usuario"
("Id", "Nome", "Login", "Password", "Funcao")
VALUES('341a0b2f-0b26-4741-9140-c63f51f26b78'::uuid, 'Lilian Ralo', 'lilianralo', '5F4D575AAF1CF405486D759C0452E9F6', 'Empregado');
INSERT INTO public."Usuario"
("Id", "Nome", "Login", "Password", "Funcao")
VALUES('395d54b7-b38c-4497-875f-a3547dc6701d'::uuid, 'Ezequiel Gama', 'ezequielgama', '1C192AC3DB4190E3CA416D950122C72A', 'Empregado');
INSERT INTO public."Usuario"
("Id", "Nome", "Login", "Password", "Funcao")
VALUES('3993a683-339e-41fc-ae1a-c00511919292'::uuid, 'Valeria Castro', 'valeriacastro', '3F45372BA4793A7CFCD8E76A9515CFAF', 'Empregado');
INSERT INTO public."Usuario"
("Id", "Nome", "Login", "Password", "Funcao")
VALUES('3ab23356-bbe7-4e61-8c4f-b1d4dfa479ba'::uuid, 'Vitor Pad', 'vitorpad', 'C85411D487DAB37841B7F082E3021038', 'Empregado');
INSERT INTO public."Usuario"
("Id", "Nome", "Login", "Password", "Funcao")
VALUES('3b14ca4e-09ec-414e-b60b-ee380ba019a0'::uuid, 'Antonio Justo', 'antoniojusto', '9B50DA24BE922F21D31CA5F2B21CE65C', 'Empregado');
INSERT INTO public."Usuario"
("Id", "Nome", "Login", "Password", "Funcao")
VALUES('3bc4d519-d77b-4309-a188-6822b32ea6db'::uuid, 'Roberto Boa', 'robertoboa', 'A6F9A3EE945D121DEF907515501CFC28', 'Empregado');
INSERT INTO public."Usuario"
("Id", "Nome", "Login", "Password", "Funcao")
VALUES('3ec2e4e0-bd20-4ea4-bb7b-94c565f61420'::uuid, 'Valentina Santos', 'valentinasantos', 'D7F3558049B49180F945476DF92DD533', 'Empregado');
INSERT INTO public."Usuario"
("Id", "Nome", "Login", "Password", "Funcao")
VALUES('40c21a9b-f655-4ec8-90a0-684deff4df77'::uuid, 'Marlon Baleia', 'marlonbaleia', '0B53D0CC5A1840484C25F345CA6B8E72', 'Empregado');
INSERT INTO public."Usuario"
("Id", "Nome", "Login", "Password", "Funcao")
VALUES('420032dc-06c8-4ded-adc0-fd0104abf847'::uuid, 'Sergio For', 'sergiofor', '2F62A3071E6E541DE5CDA2D2E2EBEF88', 'Empregado');
INSERT INTO public."Usuario"
("Id", "Nome", "Login", "Password", "Funcao")
VALUES('45a1f19d-eb77-4142-9b3d-8f26f18d28be'::uuid, 'Heitor Bara', 'heitorbara', 'E6966436557E2485264378CAD5CE6EE1', 'Empregado');
INSERT INTO public."Usuario"
("Id", "Nome", "Login", "Password", "Funcao")
VALUES('4618c75f-45e5-4b1f-8fe4-c0a87f0bc039'::uuid, 'Luisa Ka', 'luisaka', '09133239935A47EBC9F47B5822FF59AC', 'Empregado');
INSERT INTO public."Usuario"
("Id", "Nome", "Login", "Password", "Funcao")
VALUES('46c2a883-b8e6-4517-a015-73b5b65e5412'::uuid, 'Laura Silva', 'laurasilva', '6A5672A5CA98FDF700D73349A2364108', 'Empregado');
INSERT INTO public."Usuario"
("Id", "Nome", "Login", "Password", "Funcao")
VALUES('4a3d30ee-914f-4cf2-a462-b6747508bf11'::uuid, 'Jasmim Rosa', 'jasmimrosa', 'EE737D7002D3FDBCA238536D8AADF5FC', 'Empregado');
INSERT INTO public."Usuario"
("Id", "Nome", "Login", "Password", "Funcao")
VALUES('4e93f4e9-d339-409f-a5c9-8cafdcaaa8f3'::uuid, 'Mateus Nato', 'mateusnato', '9076AF8C8276654292444F99DCEDB9B6', 'Empregado');
INSERT INTO public."Usuario"
("Id", "Nome", "Login", "Password", "Funcao")
VALUES('52931ee9-1e8f-4b37-b5d9-c9151cc81dbb'::uuid, 'Renato Vista', 'renatovista', 'FA1A12043C0B5F0D0B6AB70D43AD2C1C', 'Empregado');
INSERT INTO public."Usuario"
("Id", "Nome", "Login", "Password", "Funcao")
VALUES('52bca9cf-efef-44e4-985c-b4040a55be1c'::uuid, 'Mauricio Menezes', 'mauriciomenezes', '3B6CFB3BA0B56F17B6401C50714121A7', 'Empregado');
INSERT INTO public."Usuario"
("Id", "Nome", "Login", "Password", "Funcao")
VALUES('598b16ec-7256-4458-be8e-349840850a0b'::uuid, 'Claudia Matos', 'claudiamatos', '0B8C48B109D1E31AF5E5F65C592D7876', 'Empregado');
INSERT INTO public."Usuario"
("Id", "Nome", "Login", "Password", "Funcao")
VALUES('5a318ac1-15c5-435b-a482-76d09f2c04bf'::uuid, 'Helena Fortes', 'helenafortes', '11BD26703C27C87A7283173B7190FC4E', 'Empregado');
INSERT INTO public."Usuario"
("Id", "Nome", "Login", "Password", "Funcao")
VALUES('5b7105e4-0bd6-4c45-ba15-fdf4d8d99cf4'::uuid, 'Davi Luis', 'daviluis', 'BF3817302CAEBD6A47D2B1B85D028339', 'Empregado');
INSERT INTO public."Usuario"
("Id", "Nome", "Login", "Password", "Funcao")
VALUES('61a40cf1-0536-4ad7-bbd3-d814c2a7500e'::uuid, 'Yara Atlas', 'yaraaltlas', '82350DD984659F67AAE9C1C0EEE29809', 'Empregado');
INSERT INTO public."Usuario"
("Id", "Nome", "Login", "Password", "Funcao")
VALUES('63e11e36-15e6-4035-8ef4-ae8083097987'::uuid, 'Marisa Luz', 'marialuz', '2B2376A7775AE0C02C3E1360E2969288', 'Empregado');
INSERT INTO public."Usuario"
("Id", "Nome", "Login", "Password", "Funcao")
VALUES('68412075-24ed-448b-8910-c2f373a3c387'::uuid, 'Antonio Jose', 'antoniojose', '89AA7EE2C84556D4A6FA95333B2110E6', 'Empregado');
INSERT INTO public."Usuario"
("Id", "Nome", "Login", "Password", "Funcao")
VALUES('70262e81-ea92-4e8f-b18f-635336d86511'::uuid, 'Geraldo Trata', 'geraldotrata', '555DEDA2BDD2A825DF9F3C913741BEC6', 'Empregado');
INSERT INTO public."Usuario"
("Id", "Nome", "Login", "Password", "Funcao")
VALUES('70634c5e-6d92-4eeb-96cd-767723e4955e'::uuid, 'Wilson Luiz', 'wilsonluiz', 'B6D2C166502499C531A34172546FBAE7', 'Empregado');
INSERT INTO public."Usuario"
("Id", "Nome", "Login", "Password", "Funcao")
VALUES('73d02560-e357-4ac9-88b4-22870e3efdbf'::uuid, 'Silvana Silva', 'silvanasilva', '859B05D16A16F0F83FDB12D4DA653EFC', 'Empregado');
INSERT INTO public."Usuario"
("Id", "Nome", "Login", "Password", "Funcao")
VALUES('778f0244-5b24-422f-8b64-c758a8badd42'::uuid, 'Nicolas Trata', 'nicolastrata', '58C5AB80CDA30E4B3A5B806F439A7538', 'Empregado');
INSERT INTO public."Usuario"
("Id", "Nome", "Login", "Password", "Funcao")
VALUES('83bdeba7-21f8-436a-9e32-c5e51d5dc597'::uuid, 'Raquel Datas', 'raqueldatas', 'D70E7CEB26DB1A42EB6CD4F275DDECE2', 'Empregado');
INSERT INTO public."Usuario"
("Id", "Nome", "Login", "Password", "Funcao")
VALUES('863ccddb-466e-48bc-a0ec-398ac0a55be5'::uuid, 'Maria Costa', 'mariacosta', 'B6CD9E9387CF2F67753F14DEF88E0BA1', 'Empregado');
INSERT INTO public."Usuario"
("Id", "Nome", "Login", "Password", "Funcao")
VALUES('86fce5cb-955f-4075-b776-82ffb249568a'::uuid, 'Joao Carlos', 'joaocarlos', 'AEEE77F8875B7E5869C1CA4A0D22DB03', 'Empregado');
INSERT INTO public."Usuario"
("Id", "Nome", "Login", "Password", "Funcao")
VALUES('87784e53-61e2-4936-8380-d0cfe662b024'::uuid, 'Iris de Oliveira', 'irisoliveira', '5F44DCB01F70DDE1673E431AD200A201', 'Empregado');
INSERT INTO public."Usuario"
("Id", "Nome", "Login", "Password", "Funcao")
VALUES('87d2d999-ad60-4eed-ba28-1cd7ad5ba7b3'::uuid, 'Marlon Brando', 'marlobrando', 'E5951087CA68E2A89F391D1A83BFDA14', 'Empregado');
INSERT INTO public."Usuario"
("Id", "Nome", "Login", "Password", "Funcao")
VALUES('89f1108b-3db3-4de0-9629-15d0984eafc7'::uuid, 'Isadora Hot', 'isadorahot', 'C37ECA42919CFC98A7BB80E0B1CF3E3A', 'Empregado');
INSERT INTO public."Usuario"
("Id", "Nome", "Login", "Password", "Funcao")
VALUES('90a7e23f-f027-4122-8e6e-ed51c444d0cd'::uuid, 'Jaime Gama', 'jaimegama', '261AAFF65865387E62E25EAC5E278421', 'Empregado');
INSERT INTO public."Usuario"
("Id", "Nome", "Login", "Password", "Funcao")
VALUES('98cd127f-99ea-41c7-8478-ce4832b91632'::uuid, 'Renato Roa', 'renatoroa', 'E6B9202770F5C10A3E3ABF0CB5C6CE77', 'Empregado');
INSERT INTO public."Usuario"
("Id", "Nome", "Login", "Password", "Funcao")
VALUES('99f89188-50ef-4757-a627-0e8df76f2717'::uuid, 'Renan Ribeiro', 'renanribeiro', 'A38DFBC2A16F154B9DAE61E349E79129', 'Empregado');
INSERT INTO public."Usuario"
("Id", "Nome", "Login", "Password", "Funcao")
VALUES('9cc42ee6-9b44-4f59-8bc4-dd7e3e0fceb1'::uuid, 'Elias Wall', 'eliaswall', '70EB455D5906AAC80DD48056ABEB3ACC', 'Empregado');
INSERT INTO public."Usuario"
("Id", "Nome", "Login", "Password", "Funcao")
VALUES('9fe1e7ff-0332-4b3a-82f8-9356ff3e4e80'::uuid, 'Selma Dout', 'selmadout', '6608E69581A9568B8FA32B6BB67D3D9A', 'Empregado');
INSERT INTO public."Usuario"
("Id", "Nome", "Login", "Password", "Funcao")
VALUES('a1a53b1b-ec27-4d66-ba42-9115ee581f5f'::uuid, 'Cassia Patos', 'cassiapatos', '6CD5CEE101DD846C80CE401C93E5C6AB', 'Empregado');
INSERT INTO public."Usuario"
("Id", "Nome", "Login", "Password", "Funcao")
VALUES('a8b4af5a-d725-4fa1-a237-444b4bd27f87'::uuid, 'Beatriz Rosa', 'beatrizrosa', 'D73DF7FC08701BD5809556B1B3AB4BC8', 'Empregado');
INSERT INTO public."Usuario"
("Id", "Nome", "Login", "Password", "Funcao")
VALUES('abf474a6-4641-486e-927a-ed257c852e96'::uuid, 'Aparececida Kaoo', 'apareceriakoo', '2B3F67FF35190BD798ECFE65C9665353', 'Empregado');
INSERT INTO public."Usuario"
("Id", "Nome", "Login", "Password", "Funcao")
VALUES('ac0a616a-c162-41ca-b6ec-a9e1de888298'::uuid, 'Denize Talar', 'denizetalar', 'B6690454F8A8F35809EECAA962AE29FF', 'Empregado');
INSERT INTO public."Usuario"
("Id", "Nome", "Login", "Password", "Funcao")
VALUES('ac4e4a93-606f-46fd-94c2-c768dab0986c'::uuid, 'Carlos Joao', 'carlosjoao', '7E1AA9B9C458379913DDDE50E74A759B', 'Empregado');
INSERT INTO public."Usuario"
("Id", "Nome", "Login", "Password", "Funcao")
VALUES('ad0722b4-c54e-42e3-ad8d-f765e50d34f1'::uuid, 'Virginia Celta', 'virginiacelta', 'CF0EDDA22A26310791B8CE46AC0EF71D', 'Empregado');
INSERT INTO public."Usuario"
("Id", "Nome", "Login", "Password", "Funcao")
VALUES('b54edb74-130e-4571-8968-b5912efdd141'::uuid, 'Salete Bela', 'saletebela', '102C5A70C48D4D929C016EA96AFBE3A7', 'Empregado');
INSERT INTO public."Usuario"
("Id", "Nome", "Login", "Password", "Funcao")
VALUES('b950e938-c98d-4b13-9c43-c3531315acab'::uuid, 'Barbara Lopes', 'barbaralopes', 'C98AEAAEB97DD096FA7F24A270D140C0', 'Empregado');
INSERT INTO public."Usuario"
("Id", "Nome", "Login", "Password", "Funcao")
VALUES('be85f6a0-75f7-4126-bdca-9e29686be2ed'::uuid, 'Murilo Bento', 'murilobento', '109C5CC87A02420CFBC1EE97E0739AE8', 'Empregado');
INSERT INTO public."Usuario"
("Id", "Nome", "Login", "Password", "Funcao")
VALUES('c19365ba-e256-4350-9145-2d27d855392e'::uuid, 'Paulo Pontes', 'paulopontes', '8CE57D7EF9FA54F2590FA7297D9B9B1F', 'Empregado');
INSERT INTO public."Usuario"
("Id", "Nome", "Login", "Password", "Funcao")
VALUES('c24f12fc-5d6e-4bfd-a8a1-698dda33e12a'::uuid, 'Karla Tar', 'karlatar', 'F864848F2AC921E9F2BB58CD77696B61', 'Empregado');
INSERT INTO public."Usuario"
("Id", "Nome", "Login", "Password", "Funcao")
VALUES('c256b88f-8682-498d-b0a6-b779e4f17615'::uuid, 'Maria Flavia', 'mariaflavia', 'C41F1EED2325760A66EE0A26A61BD0E9', 'Empregado');
INSERT INTO public."Usuario"
("Id", "Nome", "Login", "Password", "Funcao")
VALUES('c78587a4-1bb3-4d9d-93df-6992a381ce48'::uuid, 'Carolina Martins', 'carolinamartins', '0AEC94F44D0E5C716EF90C23F6467A0B', 'Empregado');
INSERT INTO public."Usuario"
("Id", "Nome", "Login", "Password", "Funcao")
VALUES('cf511cae-2cbb-4cc7-9094-0d8c95393a71'::uuid, 'Pedro Antunes', 'pedroantunes', '4E0FF964DE44C34860DE8695BAF6961B', 'Empregado');
INSERT INTO public."Usuario"
("Id", "Nome", "Login", "Password", "Funcao")
VALUES('d218b81c-c3db-44fd-a3eb-010f1f51d2b2'::uuid, 'Carlos Truma', 'carlostruma', '66BE44099D4941C89FA99E873F3719A0', 'Empregado');
INSERT INTO public."Usuario"
("Id", "Nome", "Login", "Password", "Funcao")
VALUES('d615fafc-1934-4c0e-9c17-de2c0f98e71c'::uuid, 'Gloria Maria', 'gloriamaria', '3D88B030B4F7EE4CE79E6294A88D1E11', 'Empregado');
INSERT INTO public."Usuario"
("Id", "Nome", "Login", "Password", "Funcao")
VALUES('ddb35f92-4cb6-4b32-b4b5-6418092b351a'::uuid, 'Antonio Yua', 'antonioyua', 'C5743EEBFB222926AD9AC0F847D033CB', 'Empregado');
INSERT INTO public."Usuario"
("Id", "Nome", "Login", "Password", "Funcao")
VALUES('deefc15b-ce02-4abd-8185-297798eb8a2f'::uuid, 'Carla Mara', 'carlamara', '4BC152553D04CB1DF8FA04D93FF8A538', 'Empregado');
INSERT INTO public."Usuario"
("Id", "Nome", "Login", "Password", "Funcao")
VALUES('e44ebaf9-1977-4995-91c2-6f85c61b7f0c'::uuid, 'Izaquias Flores', 'izaquiasflores', 'F6EEAA79DA9534D99AC9C97B450D5FC3', 'Empregado');
INSERT INTO public."Usuario"
("Id", "Nome", "Login", "Password", "Funcao")
VALUES('e4a59ea0-3fad-4d89-bfb8-bcf6b5657e13'::uuid, 'Jaqueline Yat', 'jaquelineyat', '3C666083809B682DBD7B9A2E8A0692A9', 'Empregado');
INSERT INTO public."Usuario"
("Id", "Nome", "Login", "Password", "Funcao")
VALUES('e5568c4e-438e-42e1-a3e7-714b4b0442f4'::uuid, 'Eduarda Vale', 'eduardavale', '513EEEFE2663CAE22CC16E57A2180E7C', 'Empregado');
INSERT INTO public."Usuario"
("Id", "Nome", "Login", "Password", "Funcao")
VALUES('e8f3c23e-5399-41db-b9af-3a97fe49975f'::uuid, 'Flavia Julia', 'flaviajulia', '4966E8809565123BB72CC0D784CF5695', 'Empregado');
INSERT INTO public."Usuario"
("Id", "Nome", "Login", "Password", "Funcao")
VALUES('e98ec428-9fe0-478d-aa67-140d2022474a'::uuid, 'Igor Fala', 'igorfala', 'F434C45474A25F38D90597EFDE42DB84', 'Empregado');
INSERT INTO public."Usuario"
("Id", "Nome", "Login", "Password", "Funcao")
VALUES('ed3ad974-ab9b-4471-9c2a-75ad9346716c'::uuid, 'Gabel Ual', 'gabelual', '9E788FD5CB6B17F6DEBBC1515A569EF8', 'Empregado');
INSERT INTO public."Usuario"
("Id", "Nome", "Login", "Password", "Funcao")
VALUES('ee43e065-3430-4731-af31-c5590e20d7d3'::uuid, 'Igor Faria', 'igorfaria', 'A43294AC802EF25CCAD5711C1D41EBF9', 'Empregado');
INSERT INTO public."Usuario"
("Id", "Nome", "Login", "Password", "Funcao")
VALUES('ef9ab9ad-dc9b-40a1-8b40-0201a1ccca7d'::uuid, 'Patrica Gama', 'patriciagama', '593D505A30953EE1FD57D838DDFA5705', 'Empregado');
INSERT INTO public."Usuario"
("Id", "Nome", "Login", "Password", "Funcao")
VALUES('f12417bc-9ea4-46ab-b773-78ce0d290cb1'::uuid, 'Yago Joa', 'yagojoa', '81394E9F1441FB00D53CD9BA23A9A573', 'Empregado');
INSERT INTO public."Usuario"
("Id", "Nome", "Login", "Password", "Funcao")
VALUES('f3981bfe-d861-4ec6-8a44-54f22e9c5b99'::uuid, 'Gustavo Nogueira', 'gustavonogueira', '11F2229B6E2C267799C43D49BA283ED2', 'Empregado');
INSERT INTO public."Usuario"
("Id", "Nome", "Login", "Password", "Funcao")
VALUES('f5a9e912-8690-4bee-8ab4-dbba17c1fbb3'::uuid, 'Gustavo Gama', 'gustavogama', 'EDEABF84E0ED0ED364FA2B0451AE1E6C', 'Empregado');
INSERT INTO public."Usuario"
("Id", "Nome", "Login", "Password", "Funcao")
VALUES('ff34a1c1-5d8a-4516-aac4-4d4e3a95867c'::uuid, 'Nima Flores', 'nimaflores', 'C288DDBFBA8ED866D1E161C522BF91A7', 'Empregado');
INSERT INTO public."Usuario"
("Id", "Nome", "Login", "Password", "Funcao")
VALUES('ffb11ac9-a9d6-43d2-ba78-9f5ae00f9c02'::uuid, 'Lucio Gal', 'luciogal', '5868750FFC6B0E088C2DF24A7DDA559F', 'Empregado');
INSERT INTO public."Usuario"
("Id", "Nome", "Login", "Password", "Funcao")
VALUES('b6ae19c5-0f40-418f-a20c-d1c505975cc4'::uuid, 'Pablo Neruda', 'pabloneruda', '3097A43B7F108C9E30EA06F7865B2381', 'Empregado');
INSERT INTO public."Usuario"
("Id", "Nome", "Login", "Password", "Funcao")
VALUES('1341595c-1aea-4ae7-b52c-2fa8df66e762'::uuid, 'Antonio Heizer Lopes', 'antonioheizer', '31B477A6397D0F3C395527A2EF5322D8', 'Empregado');
INSERT INTO public."Usuario"
("Id", "Nome", "Login", "Password", "Funcao")
VALUES('0013ebba-1a97-4dc2-9e1d-79f7eb52b461'::uuid, 'Guilherme Quat', 'guilhermequat', '1B2F514B470373064C52A24358BEC93A', 'Gerente');
INSERT INTO public."Usuario"
("Id", "Nome", "Login", "Password", "Funcao")
VALUES('1a764c8c-bb16-48ec-9d1d-3c214a5d5880'::uuid, 'gerente', 'gerente', '740D9C49B11F3ADA7B9112614A54BE41', 'Gerente');
INSERT INTO public."Usuario"
("Id", "Nome", "Login", "Password", "Funcao")
VALUES('219cf213-94bd-4526-81ab-8e0fda356383'::uuid, 'anamaria', 'anamaria', '6238CB036A4229F33C2AAC007631F50A', 'Gerente');
INSERT INTO public."Usuario"
("Id", "Nome", "Login", "Password", "Funcao")
VALUES('4b6db01b-51cb-4f15-9ae3-da0c911ef3f4'::uuid, 'Douglas Santos', 'dolglassantos', 'AD6C2B54683ED34780ED73FF961EB6D2', 'Gerente');
INSERT INTO public."Usuario"
("Id", "Nome", "Login", "Password", "Funcao")
VALUES('8134e5cf-27b8-467d-bdaa-516e36f28c27'::uuid, 'Bruna Gil', 'brunagil', 'E51A15CE2BCFBF7C4726D49BEF6621DB', 'Gerente');
INSERT INTO public."Usuario"
("Id", "Nome", "Login", "Password", "Funcao")
VALUES('a009b3b8-2404-4709-b731-4dc009be601e'::uuid, 'Guilherme Aparecido', 'guilhermeaparecido', 'A540557EFC83EF6C8F83967D191F6857', 'Gerente');
INSERT INTO public."Usuario"
("Id", "Nome", "Login", "Password", "Funcao")
VALUES('a1f89ac2-620a-473e-984c-eb8723342032'::uuid, 'Bia Marques', 'biamarques', '135B5B726FB2547FDE4612DC767FAE6D', 'Gerente');
INSERT INTO public."Usuario"
("Id", "Nome", "Login", "Password", "Funcao")
VALUES('e353e412-da3d-4ced-82f6-8fbf847c60f6'::uuid, 'Antonio Gular', 'antoniogular', 'D3D4ADC48C4FB928A08809ABDF60CC9B', 'Gerente');
INSERT INTO public."Usuario"
("Id", "Nome", "Login", "Password", "Funcao")
VALUES('05cc9861-32d3-4acb-9655-237388f5ff59'::uuid, 'Renata Vista', 'renatavista', 'A6DCAA5A57EBFA25ED774C442467DA8C', 'Operador');

-- Carga da tabela de Tarefa:

INSERT INTO public."Tarefa"
("TarCodigo", "TarNome", "TarDataInicio", "TarDataFinal", "TarStatus")
VALUES(110, 'Finanças com Leo Master', '2025-01-18 21:00:00.000', NULL, 1);
INSERT INTO public."Tarefa"
("TarCodigo", "TarNome", "TarDataInicio", "TarDataFinal", "TarStatus")
VALUES(119, 'Tudo sobre notebook para você mesmo dar manutenção', '2025-01-27 21:00:00.000', NULL, 1);
INSERT INTO public."Tarefa"
("TarCodigo", "TarNome", "TarDataInicio", "TarDataFinal", "TarStatus")
VALUES(121, 'Jardinagem de cactos', '2025-01-27 21:00:00.000', NULL, 1);
INSERT INTO public."Tarefa"
("TarCodigo", "TarNome", "TarDataInicio", "TarDataFinal", "TarStatus")
VALUES(111, 'Estudo Linguagem R', '2021-08-11 18:39:52.702', NULL, 1);
INSERT INTO public."Tarefa"
("TarCodigo", "TarNome", "TarDataInicio", "TarDataFinal", "TarStatus")
VALUES(114, 'Estudo Linguagem GoR', '2025-01-15 20:42:36.566', NULL, 1);
INSERT INTO public."Tarefa"
("TarCodigo", "TarNome", "TarDataInicio", "TarDataFinal", "TarStatus")
VALUES(115, 'Lingugem Natural ', '2023-10-18 09:00:00.000', NULL, 1);
INSERT INTO public."Tarefa"
("TarCodigo", "TarNome", "TarDataInicio", "TarDataFinal", "TarStatus")
VALUES(117, 'RPG - Report Program', '2024-12-11 11:00:00.000', NULL, 1);
INSERT INTO public."Tarefa"
("TarCodigo", "TarNome", "TarDataInicio", "TarDataFinal", "TarStatus")
VALUES(11, 'Number One Inglês Aula', '2019-03-01 09:21:11.000', NULL, 2);
INSERT INTO public."Tarefa"
("TarCodigo", "TarNome", "TarDataInicio", "TarDataFinal", "TarStatus")
VALUES(12, 'Number One Inglês Estudo', '2019-03-01 09:21:11.000', NULL, 2);
INSERT INTO public."Tarefa"
("TarCodigo", "TarNome", "TarDataInicio", "TarDataFinal", "TarStatus")
VALUES(13, 'Márcio Aula Particular Inglês Estudo', '2019-03-01 09:21:11.000', NULL, 2);
INSERT INTO public."Tarefa"
("TarCodigo", "TarNome", "TarDataInicio", "TarDataFinal", "TarStatus")
VALUES(14, 'Márcio Aula Particular Inglês Estudo', '2019-03-01 09:21:11.000', NULL, 2);
INSERT INTO public."Tarefa"
("TarCodigo", "TarNome", "TarDataInicio", "TarDataFinal", "TarStatus")
VALUES(16, 'Inglês Filme', '2019-03-01 09:21:11.000', NULL, 2);
INSERT INTO public."Tarefa"
("TarCodigo", "TarNome", "TarDataInicio", "TarDataFinal", "TarStatus")
VALUES(17, 'Inglês Vídeo', '2019-03-01 09:21:11.000', NULL, 2);
INSERT INTO public."Tarefa"
("TarCodigo", "TarNome", "TarDataInicio", "TarDataFinal", "TarStatus")
VALUES(21, 'JAvascript', '2023-10-21 12:21:11.000', NULL, 2);
INSERT INTO public."Tarefa"
("TarCodigo", "TarNome", "TarDataInicio", "TarDataFinal", "TarStatus")
VALUES(31, 'Mobile Video Aula', '2019-03-01 09:21:11.000', NULL, 2);
INSERT INTO public."Tarefa"
("TarCodigo", "TarNome", "TarDataInicio", "TarDataFinal", "TarStatus")
VALUES(32, 'Mobile Estudo', '2019-03-01 09:21:11.000', NULL, 2);
INSERT INTO public."Tarefa"
("TarCodigo", "TarNome", "TarDataInicio", "TarDataFinal", "TarStatus")
VALUES(41, 'Ionic 5 Aula', '2019-11-14 13:51:11.000', NULL, 2);
INSERT INTO public."Tarefa"
("TarCodigo", "TarNome", "TarDataInicio", "TarDataFinal", "TarStatus")
VALUES(42, 'Ionic 5 Estudo', '2019-03-01 09:21:11.000', NULL, 2);
INSERT INTO public."Tarefa"
("TarCodigo", "TarNome", "TarDataInicio", "TarDataFinal", "TarStatus")
VALUES(51, 'C# Curso Completo: Do Básico ao Avançado Video Aula', '2021-07-23 08:21:11.000', NULL, 2);
INSERT INTO public."Tarefa"
("TarCodigo", "TarNome", "TarDataInicio", "TarDataFinal", "TarStatus")
VALUES(52, 'C# Curso Completo: Do Básico ao Avançado Estudo', '2019-03-01 09:21:11.000', NULL, 2);
INSERT INTO public."Tarefa"
("TarCodigo", "TarNome", "TarDataInicio", "TarDataFinal", "TarStatus")
VALUES(53, 'C# Estudo', '2019-03-01 09:21:11.000', NULL, 2);
INSERT INTO public."Tarefa"
("TarCodigo", "TarNome", "TarDataInicio", "TarDataFinal", "TarStatus")
VALUES(61, 'Cobol IBM', '2019-03-01 09:21:11.000', NULL, 2);
INSERT INTO public."Tarefa"
("TarCodigo", "TarNome", "TarDataInicio", "TarDataFinal", "TarStatus")
VALUES(62, 'Cobol Unisys', '2019-02-28 21:00:00.000', '2025-01-26 21:00:00.000', 3);
INSERT INTO public."Tarefa"
("TarCodigo", "TarNome", "TarDataInicio", "TarDataFinal", "TarStatus")
VALUES(10, 'Curos de Eletrica', '2025-02-03 21:00:00.000', '2025-02-03 21:00:00.000', 1);
INSERT INTO public."Tarefa"
("TarCodigo", "TarNome", "TarDataInicio", "TarDataFinal", "TarStatus")
VALUES(63, 'Cobol Unisys com WFL (JCL da Unisys)', '2025-01-17 21:00:00.000', '2025-01-27 21:00:00.000', 3);
INSERT INTO public."Tarefa"
("TarCodigo", "TarNome", "TarDataInicio", "TarDataFinal", "TarStatus")
VALUES(54, 'Curso de ASP .NET Core MVC - Criando um Site do Zero (NET 6) Video aula', '2019-03-01 09:21:11.000', NULL, 2);
INSERT INTO public."Tarefa"
("TarCodigo", "TarNome", "TarDataInicio", "TarDataFinal", "TarStatus")
VALUES(55, 'Curso de ASP .NET Core MVC - Criando um Site do Zero (NET 6) Estudo', '2019-03-01 09:21:11.000', NULL, 2);
INSERT INTO public."Tarefa"
("TarCodigo", "TarNome", "TarDataInicio", "TarDataFinal", "TarStatus")
VALUES(57, 'Curso de Desenvolvimento de APIs com C# Estudo', '2019-03-01 09:21:11.000', NULL, 2);
INSERT INTO public."Tarefa"
("TarCodigo", "TarNome", "TarDataInicio", "TarDataFinal", "TarStatus")
VALUES(56, 'Curso Microsoft Csharp Estudo', '2019-03-01 09:21:11.000', NULL, 2);
INSERT INTO public."Tarefa"
("TarCodigo", "TarNome", "TarDataInicio", "TarDataFinal", "TarStatus")
VALUES(71, 'Curso Python Aula', '2019-03-01 09:21:11.000', NULL, 2);
INSERT INTO public."Tarefa"
("TarCodigo", "TarNome", "TarDataInicio", "TarDataFinal", "TarStatus")
VALUES(72, 'Curso Python Estudo', '2019-03-01 09:21:11.000', NULL, 2);
INSERT INTO public."Tarefa"
("TarCodigo", "TarNome", "TarDataInicio", "TarDataFinal", "TarStatus")
VALUES(73, 'Curso Python Exercicio', '2019-03-01 09:21:11.000', NULL, 2);
INSERT INTO public."Tarefa"
("TarCodigo", "TarNome", "TarDataInicio", "TarDataFinal", "TarStatus")
VALUES(74, 'NTT DATA - Engenharia de Dados com Python Aula', '2019-03-01 09:21:11.000', NULL, 2);
INSERT INTO public."Tarefa"
("TarCodigo", "TarNome", "TarDataInicio", "TarDataFinal", "TarStatus")
VALUES(75, 'NTT DATA - Engenharia de Dados com Python Estudo', '2019-03-01 09:21:11.000', NULL, 2);
INSERT INTO public."Tarefa"
("TarCodigo", "TarNome", "TarDataInicio", "TarDataFinal", "TarStatus")
VALUES(76, 'NTT DATA - Engenharia de Dados com Python Exercicio', '2019-03-01 09:21:11.000', NULL, 2);
INSERT INTO public."Tarefa"
("TarCodigo", "TarNome", "TarDataInicio", "TarDataFinal", "TarStatus")
VALUES(77, 'Suzano - Análise de Dados com Power BI Aula', '2019-03-01 09:21:11.000', NULL, 2);
INSERT INTO public."Tarefa"
("TarCodigo", "TarNome", "TarDataInicio", "TarDataFinal", "TarStatus")
VALUES(78, 'Suzano - Análise de Dados com Power BI Estudo', '2019-03-01 09:21:11.000', NULL, 2);
INSERT INTO public."Tarefa"
("TarCodigo", "TarNome", "TarDataInicio", "TarDataFinal", "TarStatus")
VALUES(79, 'Suzano - Análise de Dados com Power BI Exercicio', '2019-03-01 09:21:11.000', NULL, 2);
INSERT INTO public."Tarefa"
("TarCodigo", "TarNome", "TarDataInicio", "TarDataFinal", "TarStatus")
VALUES(81, 'Curso SQL Aula', '2019-03-01 09:21:11.000', NULL, 2);
INSERT INTO public."Tarefa"
("TarCodigo", "TarNome", "TarDataInicio", "TarDataFinal", "TarStatus")
VALUES(91, 'Curso de JavaScript Aula', '2019-03-01 09:21:11.000', NULL, 2);
INSERT INTO public."Tarefa"
("TarCodigo", "TarNome", "TarDataInicio", "TarDataFinal", "TarStatus")
VALUES(102, 'Carol Martins Exercicio e Estudos', '2019-03-01 09:21:11.000', NULL, 2);
INSERT INTO public."Tarefa"
("TarCodigo", "TarNome", "TarDataInicio", "TarDataFinal", "TarStatus")
VALUES(103, 'DBeaver do básico ao avançado', '2025-01-18 00:00:00.000', NULL, 1);
INSERT INTO public."Tarefa"
("TarCodigo", "TarNome", "TarDataInicio", "TarDataFinal", "TarStatus")
VALUES(104, 'Curo de linux', '2025-01-17 21:00:00.000', NULL, 2);
INSERT INTO public."Tarefa"
("TarCodigo", "TarNome", "TarDataInicio", "TarDataFinal", "TarStatus")
VALUES(120, 'Marcenaria para movies', '2025-01-27 21:00:00.000', NULL, 1);
INSERT INTO public."Tarefa"
("TarCodigo", "TarNome", "TarDataInicio", "TarDataFinal", "TarStatus")
VALUES(101, 'Carol Martins Aula', '2019-02-28 21:00:00.000', '2025-02-12 21:00:00.000', 2);

-- Carga da tabela de Lancto:

INSERT INTO public."Lancto"
("LanId", "LanDataInicio", "LanDataFinal", "TarCodigo", "TarefaTarCodigo", "UsuarioId")
VALUES('693aefa0-503a-40ec-ab2b-c7f9723a6327'::uuid, '2025-02-02 08:00:00.000', '2025-02-02 08:30:00.000', 41, NULL, '31837ea0-0873-4e36-8693-55f95fba5061'::uuid);
INSERT INTO public."Lancto"
("LanId", "LanDataInicio", "LanDataFinal", "TarCodigo", "TarefaTarCodigo", "UsuarioId")
VALUES('929b909f-0d26-4065-87e5-cec218e1d3ad'::uuid, '2025-02-02 09:30:00.000', '2025-02-02 09:50:00.000', 101, NULL, '31837ea0-0873-4e36-8693-55f95fba5061'::uuid);
INSERT INTO public."Lancto"
("LanId", "LanDataInicio", "LanDataFinal", "TarCodigo", "TarefaTarCodigo", "UsuarioId")
VALUES('f1274952-76d5-4486-b9fc-2eb36ac3fc6f'::uuid, '2025-02-03 15:00:00.000', '2025-02-03 16:00:00.000', 42, NULL, '31837ea0-0873-4e36-8693-55f95fba5061'::uuid);
INSERT INTO public."Lancto"
("LanId", "LanDataInicio", "LanDataFinal", "TarCodigo", "TarefaTarCodigo", "UsuarioId")
VALUES('92002da9-900e-4efa-861e-370690be993e'::uuid, '2025-02-03 16:15:00.000', '2025-02-03 16:35:00.000', 41, NULL, '31837ea0-0873-4e36-8693-55f95fba5061'::uuid);
INSERT INTO public."Lancto"
("LanId", "LanDataInicio", "LanDataFinal", "TarCodigo", "TarefaTarCodigo", "UsuarioId")
VALUES('0b40fafc-c050-4ed7-81d9-7ebc31aacff1'::uuid, '2025-02-03 16:35:00.000', '2025-02-03 16:45:00.000', 41, NULL, '31837ea0-0873-4e36-8693-55f95fba5061'::uuid);
INSERT INTO public."Lancto"
("LanId", "LanDataInicio", "LanDataFinal", "TarCodigo", "TarefaTarCodigo", "UsuarioId")
VALUES('3b7a37d6-084b-41d6-8b9d-bfba8c8a5d1d'::uuid, '2025-02-03 16:45:00.000', '2025-02-03 17:00:00.000', 62, NULL, '31837ea0-0873-4e36-8693-55f95fba5061'::uuid);
INSERT INTO public."Lancto"
("LanId", "LanDataInicio", "LanDataFinal", "TarCodigo", "TarefaTarCodigo", "UsuarioId")
VALUES('a5bdb17b-4e4d-4d19-887b-5a59b7cf2d6c'::uuid, '2025-01-02 09:31:00.000', '2025-01-02 09:36:00.000', 77, NULL, '05cc9861-32d3-4acb-9655-237388f5ff59'::uuid);
INSERT INTO public."Lancto"
("LanId", "LanDataInicio", "LanDataFinal", "TarCodigo", "TarefaTarCodigo", "UsuarioId")
VALUES('328f2e22-edd0-4459-8280-ec087d6ccc9f'::uuid, '2025-02-11 17:16:00.000', '2025-02-11 17:21:00.000', 104, NULL, '61a40cf1-0536-4ad7-bbd3-d814c2a7500e'::uuid);
INSERT INTO public."Lancto"
("LanId", "LanDataInicio", "LanDataFinal", "TarCodigo", "TarefaTarCodigo", "UsuarioId")
VALUES('92bcd48f-15f7-4519-bde4-65a3cc3e3365'::uuid, '2025-01-02 09:36:00.000', '2025-01-02 09:36:00.000', 77, NULL, '05cc9861-32d3-4acb-9655-237388f5ff59'::uuid);
INSERT INTO public."Lancto"
("LanId", "LanDataInicio", "LanDataFinal", "TarCodigo", "TarefaTarCodigo", "UsuarioId")
VALUES('78dd6b9e-4ffd-4988-b196-a0bbce7f72e3'::uuid, '2025-01-02 09:38:00.000', '2025-01-02 09:49:00.000', 77, NULL, '05cc9861-32d3-4acb-9655-237388f5ff59'::uuid);
INSERT INTO public."Lancto"
("LanId", "LanDataInicio", "LanDataFinal", "TarCodigo", "TarefaTarCodigo", "UsuarioId")
VALUES('2c553055-c50c-4aee-88fa-b6c6cfe3b7b1'::uuid, '2025-01-02 12:28:00.000', '2025-01-02 12:32:00.000', 77, NULL, '05cc9861-32d3-4acb-9655-237388f5ff59'::uuid);
INSERT INTO public."Lancto"
("LanId", "LanDataInicio", "LanDataFinal", "TarCodigo", "TarefaTarCodigo", "UsuarioId")
VALUES('ee27a32a-5e7e-4270-ac64-3ffba262019f'::uuid, '2025-01-02 12:32:00.000', '2025-01-02 12:38:00.000', 77, NULL, '05cc9861-32d3-4acb-9655-237388f5ff59'::uuid);
INSERT INTO public."Lancto"
("LanId", "LanDataInicio", "LanDataFinal", "TarCodigo", "TarefaTarCodigo", "UsuarioId")
VALUES('e3fd3424-56c3-4ae1-a164-265f344882f7'::uuid, '2025-01-02 12:44:00.000', '2025-01-02 12:54:00.000', 77, NULL, '05cc9861-32d3-4acb-9655-237388f5ff59'::uuid);
INSERT INTO public."Lancto"
("LanId", "LanDataInicio", "LanDataFinal", "TarCodigo", "TarefaTarCodigo", "UsuarioId")
VALUES('440a3343-5401-4cc8-a3cc-14f19f5a37cf'::uuid, '2025-01-02 12:54:00.000', '2025-01-02 13:04:00.000', 77, NULL, '05cc9861-32d3-4acb-9655-237388f5ff59'::uuid);
INSERT INTO public."Lancto"
("LanId", "LanDataInicio", "LanDataFinal", "TarCodigo", "TarefaTarCodigo", "UsuarioId")
VALUES('ec3a217a-cbea-4155-9020-c6dd560d6093'::uuid, '2025-01-02 15:25:00.000', '2025-01-02 15:35:00.000', 77, NULL, '05cc9861-32d3-4acb-9655-237388f5ff59'::uuid);
INSERT INTO public."Lancto"
("LanId", "LanDataInicio", "LanDataFinal", "TarCodigo", "TarefaTarCodigo", "UsuarioId")
VALUES('45258ea5-e37f-456c-94d7-9926aecad4a6'::uuid, '2025-01-02 15:35:00.000', '2025-01-02 15:40:00.000', 77, NULL, '05cc9861-32d3-4acb-9655-237388f5ff59'::uuid);
INSERT INTO public."Lancto"
("LanId", "LanDataInicio", "LanDataFinal", "TarCodigo", "TarefaTarCodigo", "UsuarioId")
VALUES('3c2cb7bf-2102-419b-8ce0-5541f869e2d3'::uuid, '2025-01-02 15:41:00.000', '2025-01-02 15:50:00.000', 77, NULL, '05cc9861-32d3-4acb-9655-237388f5ff59'::uuid);
INSERT INTO public."Lancto"
("LanId", "LanDataInicio", "LanDataFinal", "TarCodigo", "TarefaTarCodigo", "UsuarioId")
VALUES('ab13ca9b-2ad9-49f6-9ba9-65095bd839df'::uuid, '2025-01-02 15:58:00.000', '2025-01-02 16:00:00.000', 77, NULL, '05cc9861-32d3-4acb-9655-237388f5ff59'::uuid);
INSERT INTO public."Lancto"
("LanId", "LanDataInicio", "LanDataFinal", "TarCodigo", "TarefaTarCodigo", "UsuarioId")
VALUES('0af280c9-eb12-4c15-8856-1e62e89a8a73'::uuid, '2025-01-02 16:00:00.000', '2025-01-02 16:08:00.000', 77, NULL, '05cc9861-32d3-4acb-9655-237388f5ff59'::uuid);
INSERT INTO public."Lancto"
("LanId", "LanDataInicio", "LanDataFinal", "TarCodigo", "TarefaTarCodigo", "UsuarioId")
VALUES('21a6acb6-08d1-4b08-bfce-9a2d874d205e'::uuid, '2025-01-02 16:39:00.000', '2025-01-02 16:51:00.000', 77, NULL, '05cc9861-32d3-4acb-9655-237388f5ff59'::uuid);
INSERT INTO public."Lancto"
("LanId", "LanDataInicio", "LanDataFinal", "TarCodigo", "TarefaTarCodigo", "UsuarioId")
VALUES('eeaa74fc-8305-4fc5-93ad-04fa885e4f07'::uuid, '2025-01-02 16:52:00.000', '2025-01-02 16:56:00.000', 77, NULL, '05cc9861-32d3-4acb-9655-237388f5ff59'::uuid);
INSERT INTO public."Lancto"
("LanId", "LanDataInicio", "LanDataFinal", "TarCodigo", "TarefaTarCodigo", "UsuarioId")
VALUES('91536364-ab53-440a-acba-6f3864eb86d6'::uuid, '2025-01-02 16:56:00.000', '2025-01-02 17:03:00.000', 77, NULL, '05cc9861-32d3-4acb-9655-237388f5ff59'::uuid);
INSERT INTO public."Lancto"
("LanId", "LanDataInicio", "LanDataFinal", "TarCodigo", "TarefaTarCodigo", "UsuarioId")
VALUES('7e316494-05e7-406b-adb0-8012f22f34e3'::uuid, '2025-01-02 17:03:00.000', '2025-01-02 17:12:00.000', 77, NULL, '05cc9861-32d3-4acb-9655-237388f5ff59'::uuid);
INSERT INTO public."Lancto"
("LanId", "LanDataInicio", "LanDataFinal", "TarCodigo", "TarefaTarCodigo", "UsuarioId")
VALUES('0444db2e-0d46-47d6-989b-e940e3000702'::uuid, '2025-01-02 17:12:00.000', '2025-01-02 17:16:00.000', 77, NULL, '05cc9861-32d3-4acb-9655-237388f5ff59'::uuid);
INSERT INTO public."Lancto"
("LanId", "LanDataInicio", "LanDataFinal", "TarCodigo", "TarefaTarCodigo", "UsuarioId")
VALUES('3e05d437-36e2-472e-bf1a-d71717d46261'::uuid, '2025-01-02 17:16:00.000', '2025-01-02 17:22:00.000', 77, NULL, '05cc9861-32d3-4acb-9655-237388f5ff59'::uuid);
INSERT INTO public."Lancto"
("LanId", "LanDataInicio", "LanDataFinal", "TarCodigo", "TarefaTarCodigo", "UsuarioId")
VALUES('376f8797-eb86-4bfa-9938-f3a78bfc37c3'::uuid, '2025-01-02 17:22:00.000', '2025-01-02 17:27:00.000', 77, NULL, '05cc9861-32d3-4acb-9655-237388f5ff59'::uuid);
INSERT INTO public."Lancto"
("LanId", "LanDataInicio", "LanDataFinal", "TarCodigo", "TarefaTarCodigo", "UsuarioId")
VALUES('4822b61f-7aa8-4658-98ab-f7f95b3974d1'::uuid, '2025-01-02 17:27:00.000', '2025-01-02 17:39:00.000', 77, NULL, '05cc9861-32d3-4acb-9655-237388f5ff59'::uuid);
INSERT INTO public."Lancto"
("LanId", "LanDataInicio", "LanDataFinal", "TarCodigo", "TarefaTarCodigo", "UsuarioId")
VALUES('9fd5ac62-5904-413a-9766-28c729fcf2bc'::uuid, '2025-01-02 17:39:00.000', '2025-02-11 17:46:00.000', 77, NULL, '05cc9861-32d3-4acb-9655-237388f5ff59'::uuid);
INSERT INTO public."Lancto"
("LanId", "LanDataInicio", "LanDataFinal", "TarCodigo", "TarefaTarCodigo", "UsuarioId")
VALUES('27bb8312-2133-4733-a747-f42951fb681f'::uuid, '2025-01-03 18:01:00.000', '2025-01-03 18:11:00.000', 77, NULL, 'a1f89ac2-620a-473e-984c-eb8723342032'::uuid);
INSERT INTO public."Lancto"
("LanId", "LanDataInicio", "LanDataFinal", "TarCodigo", "TarefaTarCodigo", "UsuarioId")
VALUES('a3258ba2-51f5-4445-b2d5-298701813a04'::uuid, '2025-01-03 18:11:00.000', '2025-01-03 18:13:00.000', 77, NULL, 'a1f89ac2-620a-473e-984c-eb8723342032'::uuid);
INSERT INTO public."Lancto"
("LanId", "LanDataInicio", "LanDataFinal", "TarCodigo", "TarefaTarCodigo", "UsuarioId")
VALUES('42f46bca-42a4-4990-b17e-f86269da49a2'::uuid, '2025-01-03 18:13:00.000', '2025-01-03 18:22:00.000', 77, NULL, 'a1f89ac2-620a-473e-984c-eb8723342032'::uuid);
INSERT INTO public."Lancto"
("LanId", "LanDataInicio", "LanDataFinal", "TarCodigo", "TarefaTarCodigo", "UsuarioId")
VALUES('d839ef9d-fa6f-4338-b3c5-0d955f916f5b'::uuid, '2025-01-03 18:22:00.000', '2025-01-03 18:24:00.000', 77, NULL, 'a1f89ac2-620a-473e-984c-eb8723342032'::uuid);
INSERT INTO public."Lancto"
("LanId", "LanDataInicio", "LanDataFinal", "TarCodigo", "TarefaTarCodigo", "UsuarioId")
VALUES('c35a3c43-e5c2-4805-b55b-5940eb3b6539'::uuid, '2025-01-05 10:00:00.000', '2025-01-05 10:38:00.000', 101, NULL, 'a1f89ac2-620a-473e-984c-eb8723342032'::uuid);
INSERT INTO public."Lancto"
("LanId", "LanDataInicio", "LanDataFinal", "TarCodigo", "TarefaTarCodigo", "UsuarioId")
VALUES('acf944fc-06c5-4372-a9ee-92522d9d2dfa'::uuid, '2025-02-11 16:41:00.000', '2025-02-11 08:22:00.000', 101, NULL, 'a1f89ac2-620a-473e-984c-eb8723342032'::uuid);
INSERT INTO public."Lancto"
("LanId", "LanDataInicio", "LanDataFinal", "TarCodigo", "TarefaTarCodigo", "UsuarioId")
VALUES('e6756f15-71b8-4936-bb83-5a6acf578aca'::uuid, '2025-01-18 08:00:00.000', NULL, 77, NULL, 'a1f89ac2-620a-473e-984c-eb8723342032'::uuid);
INSERT INTO public."Lancto"
("LanId", "LanDataInicio", "LanDataFinal", "TarCodigo", "TarefaTarCodigo", "UsuarioId")
VALUES('88920537-1c3e-49a1-b792-85ee15b1037d'::uuid, '2025-02-11 16:43:00.000', NULL, 61, NULL, 'df9bd661-8338-466b-97a9-92aec649d883'::uuid);
INSERT INTO public."Lancto"
("LanId", "LanDataInicio", "LanDataFinal", "TarCodigo", "TarefaTarCodigo", "UsuarioId")
VALUES('70baf55a-7b04-4e08-a4da-9b82ad2087aa'::uuid, '2025-02-11 13:00:00.000', NULL, 56, NULL, '61a40cf1-0536-4ad7-bbd3-d814c2a7500e'::uuid);
INSERT INTO public."Lancto"
("LanId", "LanDataInicio", "LanDataFinal", "TarCodigo", "TarefaTarCodigo", "UsuarioId")
VALUES('2dac5eb4-7ce3-4e0b-8ea3-6f3001505bd7'::uuid, '0001-01-01 10:00:00.000', NULL, 10, NULL, '61a40cf1-0536-4ad7-bbd3-d814c2a7500e'::uuid);
INSERT INTO public."Lancto"
("LanId", "LanDataInicio", "LanDataFinal", "TarCodigo", "TarefaTarCodigo", "UsuarioId")
VALUES('e2b99832-0515-4f53-8ec1-aa9ce0d54fda'::uuid, '2025-02-02 09:00:00.000', '2025-02-02 09:15:00.000', 41, NULL, '31837ea0-0873-4e36-8693-55f95fba5061'::uuid);
INSERT INTO public."Lancto"
("LanId", "LanDataInicio", "LanDataFinal", "TarCodigo", "TarefaTarCodigo", "UsuarioId")
VALUES('3e130f74-d7cb-42da-a9d3-ef4cefbb973f'::uuid, '2025-02-03 17:15:00.000', '2025-02-03 17:40:00.000', 41, NULL, '31837ea0-0873-4e36-8693-55f95fba5061'::uuid);
INSERT INTO public."Lancto"
("LanId", "LanDataInicio", "LanDataFinal", "TarCodigo", "TarefaTarCodigo", "UsuarioId")
VALUES('865b05ba-d7c9-4289-b13b-d83109dc4971'::uuid, '2025-02-02 09:15:00.000', '2025-02-02 09:20:00.000', 51, NULL, '31837ea0-0873-4e36-8693-55f95fba5061'::uuid);
INSERT INTO public."Lancto"
("LanId", "LanDataInicio", "LanDataFinal", "TarCodigo", "TarefaTarCodigo", "UsuarioId")
VALUES('3a9cfff6-74b4-4b8e-8b85-9b4189acb570'::uuid, '2025-02-02 07:30:00.000', '2025-02-02 07:35:00.000', 11, NULL, '31837ea0-0873-4e36-8693-55f95fba5061'::uuid);
INSERT INTO public."Lancto"
("LanId", "LanDataInicio", "LanDataFinal", "TarCodigo", "TarefaTarCodigo", "UsuarioId")
VALUES('c414baf2-020b-423a-8483-e67d6c631fc5'::uuid, '2025-02-02 07:35:00.000', '2025-02-02 07:40:00.000', 11, NULL, '31837ea0-0873-4e36-8693-55f95fba5061'::uuid);
INSERT INTO public."Lancto"
("LanId", "LanDataInicio", "LanDataFinal", "TarCodigo", "TarefaTarCodigo", "UsuarioId")
VALUES('1fa38eb8-3889-48bd-b2a0-606a8c428c8d'::uuid, '2025-02-02 07:40:00.000', '2025-02-02 07:45:00.000', 11, NULL, '31837ea0-0873-4e36-8693-55f95fba5061'::uuid);
INSERT INTO public."Lancto"
("LanId", "LanDataInicio", "LanDataFinal", "TarCodigo", "TarefaTarCodigo", "UsuarioId")
VALUES('81bee4d3-ab78-4c41-bf57-c35deb3dce5e'::uuid, '2025-02-02 07:00:00.000', '2025-02-02 07:30:00.000', 11, NULL, '31837ea0-0873-4e36-8693-55f95fba5061'::uuid);
INSERT INTO public."Lancto"
("LanId", "LanDataInicio", "LanDataFinal", "TarCodigo", "TarefaTarCodigo", "UsuarioId")
VALUES('df94ce69-b642-4258-9c28-62f13650bb07'::uuid, '2025-01-02 17:46:00.000', '2025-01-02 17:58:00.000', 77, NULL, '05cc9861-32d3-4acb-9655-237388f5ff59'::uuid);
INSERT INTO public."Lancto"
("LanId", "LanDataInicio", "LanDataFinal", "TarCodigo", "TarefaTarCodigo", "UsuarioId")
VALUES('7572fba1-fd0d-43ff-a673-6bc0d52460f4'::uuid, '0001-01-01 07:00:00.000', '0001-01-01 07:30:00.000', 21, NULL, '05cc9861-32d3-4acb-9655-237388f5ff59'::uuid);
INSERT INTO public."Lancto"
("LanId", "LanDataInicio", "LanDataFinal", "TarCodigo", "TarefaTarCodigo", "UsuarioId")
VALUES('02b59944-64c9-4746-93dc-74584b1f7487'::uuid, '2025-02-18 07:10:00.000', '2025-02-18 07:30:00.000', 11, NULL, '05cc9861-32d3-4acb-9655-237388f5ff59'::uuid);
INSERT INTO public."Lancto"
("LanId", "LanDataInicio", "LanDataFinal", "TarCodigo", "TarefaTarCodigo", "UsuarioId")
VALUES('9ea0b49e-4783-441c-a158-f42b75e031b3'::uuid, '2025-02-18 07:30:00.000', '2025-02-18 07:45:00.000', 11, NULL, '05cc9861-32d3-4acb-9655-237388f5ff59'::uuid);
INSERT INTO public."Lancto"
("LanId", "LanDataInicio", "LanDataFinal", "TarCodigo", "TarefaTarCodigo", "UsuarioId")
VALUES('bb8d021b-cdc3-4ee6-9133-4647ea86a580'::uuid, '2025-02-18 08:15:00.000', '2025-02-18 14:47:00.000', 56, NULL, '05cc9861-32d3-4acb-9655-237388f5ff59'::uuid);
INSERT INTO public."Lancto"
("LanId", "LanDataInicio", "LanDataFinal", "TarCodigo", "TarefaTarCodigo", "UsuarioId")
VALUES('07698a12-7527-4dce-9b62-64b4cf528e84'::uuid, '2025-02-17 07:00:00.000', '2025-02-17 07:30:00.000', 10, NULL, '05cc9861-32d3-4acb-9655-237388f5ff59'::uuid);
